"Business Name","Address Line 1","Address Line 2","City State Zip","Telephone","Email","Services","License Verified/Deliver/Ship"
"1 Good Handyman","204 South San Souci Boulevard, Panama City Beach, FL","","Panama City Beach FL  32413     ","Direct Line - 8505830433","kt@1goodhandyman.com","Building (CBC1266799)","Verified 06/01/2026"
"123 CBC INC.","170 Southern Oak Dr","","Ponte Vedra FL  32081     ","Direct Line - 9048914120","contact@123cbcinc.com","Building (CBC1266963)","Verified 06/01/2026"
"1st Impressions Contractors, Inc.","9651 HOOD ROAD STE 4","","Jacksonville FL  32257     ","Direct Line - 9042331116","info@1stimpressionscontractors.com","Building (CBC1254813)","Verified 06/01/2026"
"2020 Build, Inc.","85 NW 94th ST. ","","Miami Shores FL  33150     ","Direct Line - 3053318564","jnunez@2020build.com","Building (CBC1262587)","Verified 06/01/2026"
"21st Century Construction, Inc.","231 Bradshaw Blvd","","Perry FL  32348     ","Cell - 5617562145","timc@21stcci.com","Building (CBC1251651)","Verified 06/01/2026"
"3 Lotus Construction Group","201 w Canton ave ","","Winter Park  FL  32789     ","Direct Line - 4075368406","Info@3lotus.us","Building (CBC1266231)","Verified 06/01/2026"
"321 Homes, Inc","402 S Babcock St","","Melbourne FL  32901     ","Direct Line - 3216004607","321homesinc@gmail.com","Building (CBC1262517)","Verified 06/01/2026"
"365 Builders LLC","4202 Yucatan Cir","","Port Charlotte FL  33952     ","Direct Line - 9418765414","Eugeneb@365-builders.com","Building (CBC1266494)","Verified 06/01/2026"
"4 D SERVICE GROUP OF TAMPA INC","18489 N. US HWY 41 #1201","","LUTZ FL  33548     ","Direct Line - 8666823626","4dservicegroup@gmail.com","Building (CBC1251108)","Verified 06/01/2026"
"4khomes llc","4445 Sibley Bay st","","Punta Gorda FL  33980     ","Other - 9412041827,Office - 9412041827","4khomeservices@gmail.com","Building (CBC1263616)","Verified 06/01/2026"
"5 front corp","45 Misty Meadow Dr.","","Boynton Beach FL  33436     ","Cell - 9546684408,Cell - 9546432416","diego.calle@5front.us","Building (CBC1266694)","Verified 06/01/2026"
"550 Construction, LLC","201 Office Park Drive - Suite 125","","Birmingham AL  35223     ","Direct Line - 2059057449","bradr@550construction.com","Building (CBC060205)","Verified 06/01/2026"
"6K CONSTRUCTION LLC","14639 Sydney Road","","Dover FL  33527     ","Direct Line - 8137204832","cory@6kconstruction.com","Building (CBC1265605)","Verified 06/01/2026"
"8:18 Renovation & Restoration, LLC","1542 RIO DE JANEIRO AVE","","PUNTA GORDA FL  33983     ","Cell - 8586884897,Office - 9419798799","justen.coleman@818RandR.com","Building (CBC1267893)","Verified 06/01/2026"
"904 General Contractors LLC","163 Corral Cir","","St. Augustine FL  32092     ","Office - 8334334663","904generalcontractors@gmail.com","Building (RB29003887)","Verified 06/01/2026"
"A & K Handyman Services Inc.","8567 Palomino Drive","","Lake Worth FL  33467     ","Cell - 9548923624","Waheda13@gmail.com","Building (CBC1267639)","Verified 06/01/2026"
"A to Z Construction Pro LLC","13475 Atlantic Blvd., Suit 8","","Jacksonville FL  32225     ","Direct Line - 9043866474","amanda@atozconstructionpro.com","Building (CBC1266430)","Verified 06/01/2026"
"A1 EARTHWORKS LLC","1344 Edgewater Beach Drive","","Lakeland FL  33803     ","Direct Line - 8134043972,Office - 8635327848","info@a1earth.land","Building (CBC1268046)","Verified 06/01/2026"
"A2B Development LLC","10300 Calle DFeFlores Dr","","clermont FL  34711     ","Cell - 7723700454","Ddesantis1976@gmail.com","Building (CBC1260653)","Verified 06/01/2026"
"AAC CONSTRUCTION INC","4970 30th. Place SW ","","Naples FL  34116     ","Cell - 2395378924","aacconstructionfla@gmail.com","Building (cbc1254783)","Verified 06/01/2026"
"Abbotts' Construction Services Inc.","3508 E Laurel Rd","","Nokomis FL  34275     ","Direct Line - 9414868137","Keith@abbottsconstruction.com","Building (CBC1267855)","Verified 06/01/2026"
"Able Builders, Inc.","14445 US HWY 19 N","","Clearwater FL  33764     ","Office - 2744758687","justin@ablebuildersinc.com","Building (Cbc1265498)","Verified 06/01/2026"
"Accurate Building & Engineering Contractors, LLC.","3804 N Hwy US 1","","Cocoa FL  32926     ","Direct Line - 4076211999","abec1957@yahoo.com","Building (Cbc1256248)","Verified 06/01/2026"
"Accurate Cabinet Refacing Co.","2538 Outrigger Lane","","Naples FL  34104     ","Cell - 2399619332","acccabinets123@gmail.com","Building (CBC1268180)","Verified 06/01/2026"
"Ace Handyman Services St Pete South","4636 Central Ave","","Saint Petersburg FL  33701     ","Office - 7278737268","stpete.office@acehandymanservices.com","Building (CBC1264967)","Verified 06/01/2026"
"Adams Building Construction LLC","1940 62nd Dr.","","Vero Beach FL  32966     ","Cell - 7725329847","Jadams38@comcast.net","Building (CBC1250298)","Verified 06/01/2026"
"Addoma Consulting","8362 Pines Blvd Ste. 129","","Pembroke Pines FL  33024     ","Cell - 9548227388","addomaconsulting@yahoo.com","Building (CBC1252730)","Verified 06/01/2026"
"ADL HOME IMPROVEMENT","918 Hillside Dr ","","Lutz FL  33549     ","Cell - 8181381242","contact@adlhomeimprovement.com","Building (CBC1267758)","Verified 06/01/2026"
"ADVANCE DESIGN & CONTRACTORS, INC.","2100 n alafaya Tr suite 500","","Orlando  FL  32826     ","Office - 4078515112","r.rezende@adcse.com","Building (CBC1265113)","Verified 06/01/2026"
"Advanced Hurricane Protection","4517 SE COMMERCE AVE","","STUART FL  34997     ","Direct Line - 7722201200","john@advancedhurricane.net","Building (CBC1259339)","Verified 06/01/2026"
